Name;Price
Напиток слабоалк. Хуууч Твистед Гранат-Малина г...;89,99 
Напиток слабоалк. Хуууч Твистед Ананас-Клюква г...;79,99 
Коньяк Ной традиционный 3-х летний 40% 0,5л (Ар...;649,99 
Коньяк Ной традиционный пятилетний 40% 0,5л (Ар...;699,99 
Напиток слабоалк. Хуууч Твистед Гранат-Малина г...;89,99 
Напиток слабоалк. Хуууч Твистед Ананас-Клюква г...;79,99 
Коньяк Ной традиционный пятилетний 40% 0,5л (Ар...;699,99 
Лепешки пшеничные (тортильи) со вкусом сыра Миш...;69,99 
Конфеты Q сливоч. начинка с миндалем и кокосом ...;199,99 
Напиток слабоалк. Хуууч Твистед Ананас-Клюква г...;79,99 
Вино Гидели Саперави кр. сух. 12,5% 0,75л;499,99 
Коньяк Ной традиционный 3-х летний 40% 0,5л (Ар...;649,99 
Напиток слабоалк. Хуууч Твистед Гранат-Малина г...;69,99 
Напиток слабоалк. Хуууч Твистед Ананас-Клюква г...;69,99 
Ликер Биттер Лигаре 25% 0,5л (Россия);449,99 
Коньяк Ной традиционный пятилетний 40% 0,5л (Ар...;699,99 
Конфеты Q сливоч. начинка с миндалем и кокосом ...;129,99 
Напиток слабоалк. Хуууч Твистед Гранат-Малина г...;69,99 
Фисташка жареная солёная Семкарев 50г;89,99 
Вино Гидели Саперави кр. сух. 12,5% 0,75л;499,99 
Напиток слабоалк. Хуууч Твистед Гранат-Малина г...;69,99 
Напиток слабоалк. Хуууч Твистед Ананас-Клюква г...;69,99 
Коньяк Ной традиционный 3-х летний 40% 0,5л (Ар...;649,99 
Бумажные полотенца Фамилия 2сл. 2 рул.;99,99 
